corpus	word	at	term	rules	verdict	path	context
mdn	frameType	process	.	-	real sentence end	mdn/files/en-us/mozilla/add-ons/webextensions/api/webnavigation/onbeforenavigate/index.md	 happens in a nested iframe. Frame IDs are unique for a given tab and process. frameType
mdn	getInstalledRelatedApps	installed	?	bracket	real sentence end	mdn/files/en-us/web/api/navigator/getinstalledrelatedapps/index.md	See [Is your app installed? getInstalledRelatedApps() will tell you!] for more details on how to handle
mdn	getInstalledRelatedApps	installed	?	bracket	real sentence end	mdn/files/en-us/web/api/navigator/getinstalledrelatedapps/index.md	[Is your app installed? getInstalledRelatedApps() will tell you!]
mdn	glMatrix	functions	.	-	real sentence end	mdn/files/en-us/web/api/webgl_api/matrix_math_for_the_web/index.md	collection. In real production code it would be best to use optimized functions. [glMatrix] is an example of a library that has a focus on sp
mdn	macOS	statement	.	-	real sentence end	mdn/files/en-us/web/api/media_source_extensions_api/transcoding_assets_for_mse/index.md	e executable from the archive file and add it's location to your PATH statement. macOS users can also use [homebrew] to install ffmpeg.
mdn	sRGB	combined	.	-	real sentence end	mdn/files/en-us/glossary/color_space/index.md	— red, green, and blue color channels — that create various hues when combined. sRGB, or "Standard RGB", is the underlying color space 
mdn	sRGB	colors	.	-	real sentence end	mdn/files/en-us/glossary/color_space/index.md	bined. sRGB, or "Standard RGB", is the underlying color space for RGB colors. sRGB is intended to codify the display specification o
mdn	sRGB	printers	.	-	real sentence end	mdn/files/en-us/glossary/color_space/index.md	supported by most operating systems, software programs, monitors, and printers. sRGB is based on ▯, ▯, and ▯, with in-gamut values ran
mdn	imscJS	web	.	-	real sentence end	mdn/files/en-us/related/imsc/index.md	: You currently need a polyfill to render IMSC on the web. imscJS is a good choice as it is actively maintained and
mdn	imscJS	web	.	-	real sentence end	mdn/files/en-us/related/imsc/using_the_imscjs_polyfill/index.md	You currently need a polyfill to render IMSC on the web. imscJS is a good choice as it is actively maintained and
mdn	macOS	tools	.	-	real sentence end	mdn/files/en-us/learn_web_development/getting_started/environment_setup/command_line/index.md	like system, which provides the terminal, and access to the low-level tools. macOS Darwin mostly has parity with Unix, certainly goo
ghdocs	macOS	datacenters	.	-	real sentence end	ghdocs/content/actions/reference/runners/github-hosted-runners.md	n Azure and subsequently have the same IP address ranges as the Azure datacenters. macOS runners are hosted in ▯'s own macOS cloud.
ghdocs	xAI	xAI	.	-	real sentence end	ghdocs/content/copilot/reference/ai-models/model-hosting.md	These models are hosted on xAI. xAI operates these models in ▯ under a zero data rete
flutter	iOS	font	.	-	real sentence end	flutter/sites/docs/src/content/ui/adaptive-responsive/platform-adaptations.md	the font family appropriate for the platform. Android uses the Roboto font. iOS uses the San Francisco font.
flutter	iOS	reference	.	-	real sentence end	flutter/sites/docs/src/content/release/archive-whats-new.md	Updated the [Impeller] reference. iOS apps now default to the Impeller renderer.
flutter	iOS	interface	.	-	real sentence end	flutter/sites/docs/src/content/release/breaking-changes/add-showAutocorrectionPromptRect.md	A new method, ▯, was added to the ▯ interface. iOS calls this method when it finds a new potential a
flutter	iOS	data	.	-	real sentence end	flutter/sites/docs/src/content/flutter-for/dart-swift-concurrency.md	complete. These tasks include fetching or processing large amounts of data. iOS developers typically use Grand Central Dispatch (
rn	iOS	be	.	-	real sentence end	rn/docs/performance.md	 smooth and ultimately life-like a video (or user interface) seems to be. iOS and Android devices display at least 60 frames pe
rn	iOS	11	.	-	real sentence end	rn/docs/pixelratio.md	xample 640×1136 for iPhone SE (1st generation) or 828×1792 for iPhone 11. iOS tries to be as faithful as possible to the user v
rn	numberActiveTouches	accordingly	.	-	real sentence end	rn/docs/panresponder.md	ry start/end event being processed by the gesture and ▯ being updated accordingly. (numberActiveTouches) may not be totally accurate unless you are the re
xamarin	macOS	apps	.	-	real sentence end	xamarin/docs/mac/app-fundamentals/copy-paste.md	d for a variety of purposes within an application or between multiple apps. macOS provides several standard pasteboards, each with 
xamarin	macOS	item	.	-	real sentence end	xamarin/docs/mac/user-interface/window.md	n having the user click the window's **Close** button or using a menu item. macOS provides two different ways to close an ▯ program
xamarin	macOS	Popovers	.	-	real sentence end	xamarin/docs/mac/platform/storyboards/indepth.md	Presentation Segues_ are used, such as Modal Windows, Sheet Views and Popovers. macOS Provides the following built-in segue types:
xamarin	iOS	Xamarin.iOS	.	dotted	real sentence end	xamarin/docs/mac/get-started/hello-mac.md	Xamarin.Mac application programming is very similar to working with Xamarin.iOS. iOS uses the CocoaTouch framework, which is a slimmed
xamarin	iPhone	eg	.	bracket	NOT a sentence end (abbrev eg.)	xamarin/docs/cross-platform/app-fundamentals/building-cross-platform-applications/architecture.md	or (b) whether it could be shared between multiple screens or devices (eg. iPhone and iPad).
xamarin	iOS	eg	.	bracket	NOT a sentence end (abbrev eg.)	xamarin/docs/cross-platform/app-fundamentals/building-cross-platform-applications/setting-up-a-xamarin-cross-platform-solution.md	inally, remember that some platforms have case-sensitive file systems (eg. iOS and Android) so be sure to use a consistent file 
xamarin	iOS	more	.	-	real sentence end	xamarin/docs/cross-platform/app-fundamentals/building-cross-platform-applications/testing-and-app-store-approvals.md	game currency, application features, magazine subscriptions and a lot more. iOS apps must use Apple’s iTunes-based service for th
xamarin	iOS	templates	.	-	real sentence end	xamarin/docs/cross-platform/platform/razor-html-templates/index.md	* existing Xamarin project, it is not necessary to use these solution templates. iOS projects do not require a Storyboard to use Razor
xamarin	iOS	application	.	-	real sentence end	xamarin/docs/cross-platform/get-started/introduction-to-mobile-sdlc.md	example, each app has a metaphor for switching between sections in an application. iOS uses a tab bar at the bottom of the screen, Andro
xamarin	iOS	speakers	.	-	real sentence end	xamarin/docs/tools/ios-simulator/index.md	Sounds played by the simulator will come from the host Mac's speakers. iOS sounds are not heard on the Windows computer.
xamarin	iOS	it	.	-	real sentence end	xamarin/docs/ios/app-fundamentals/file-system.md	creates a new home directory and stores the new Application Bundle in it. iOS then moves the following folders from the previou
xamarin	iOS	UIView	.	-	real sentence end	xamarin/docs/ios/app-fundamentals/touch/touch-in-ios.md	r finger. These methods are defined in ▯, which is the base class for UIView. iOS will override the associated methods on the ▯ and
xamarin	iOS	application	.	-	real sentence end	xamarin/docs/ios/app-fundamentals/touch/touch-in-ios.md	tly simplify and reduce the programming effort to support touch in an application. iOS gesture recognizers aggregate a series of touch e
xamarin	iOS	page	.	-	real sentence end	xamarin/docs/ios/app-fundamentals/touch/index.md	tion-specific commands, such as a rotation of an image or a turn of a page. iOS provides a rich collection of classes to handle c
xamarin	iOS	resources	.	-	real sentence end	xamarin/docs/ios/app-fundamentals/backgrounding/introduction-to-backgrounding-in-ios.md	d* state back into the *Backgrounded* state without drawing on system resources. iOS 7 exploits this feature with new APIs that enable
xamarin	iOS	user	.	-	real sentence end	xamarin/docs/ios/app-fundamentals/backgrounding/index.md	 of the background state depending on the behavior of the app and the user. iOS also offers several options for wiring an app to 
xamarin	iOS	background	.	-	real sentence end	xamarin/docs/ios/app-fundamentals/backgrounding/ios-backgrounding-techniques/ios-backgrounding-with-tasks.md	n can be used to kick off tasks as an application is being put in the background. iOS provides an event method in the *AppDelegate* cla
xamarin	iOS	content	.	-	real sentence end	xamarin/docs/ios/app-fundamentals/backgrounding/ios-backgrounding-techniques/updating-an-application-in-the-background.md	pplication that is suspended or not running, and updating it with new content. iOS provides three options for refreshing content in 
xamarin	iOS	status	.	-	real sentence end	xamarin/docs/ios/app-fundamentals/backgrounding/ios-backgrounding-techniques/updating-an-application-in-the-background.md	et the OS know by calling the completion handler with the appropriate status. iOS offers three options for completion handler statu
xamarin	iOS	▯	.	-	real sentence end	xamarin/docs/ios/app-fundamentals/backgrounding/ios-backgrounding-techniques/updating-an-application-in-the-background.md	w often to fetch new content by setting the minimum fetch interval to ▯. iOS offers three options for the fetch interval:
xamarin	iOS	content	.	-	real sentence end	xamarin/docs/ios/app-fundamentals/backgrounding/ios-backgrounding-techniques/updating-an-application-in-the-background.md	f the suspended or terminated state, and the app would begin updating content. iOS 7 (and greater) extends ordinary push notificatio
xamarin	iOS	systems	.	-	real sentence end	xamarin/docs/ios/user-interface/controls/index.md	Maps are a common feature in all modern mobile operating systems. iOS offers mapping support natively through the Map K
xamarin	iOS	range	.	-	real sentence end	xamarin/docs/ios/user-interface/controls/index.md	lider control allows for simple selection of a numeric value within a range. iOS uses the ▯ as a boolean input that may be represe
xamarin	iOS	systems	.	-	real sentence end	xamarin/docs/ios/user-interface/controls/ios-maps/index.md	Maps are a common feature in all modern mobile operating systems. iOS offers mapping support natively through the Map K
xamarin	iOS	zoomed	.	-	real sentence end	xamarin/docs/ios/user-interface/controls/ios-maps/index.md	s support drawing graphical content that scales with the map as it is zoomed. iOS provides support for several types of overlays, i
xamarin	iOS	Sliders	.	-	real sentence end	xamarin/docs/ios/user-interface/ios-ui/haptic-feedback.md	lements already provide haptic feedback such as Pickers, Switches and Sliders. iOS 10 now adds the ability to programmatically trigg
xamarin	iOS	application	.	-	real sentence end	xamarin/docs/ios/user-interface/storyboards/unified-storyboards.md	h iOS 7, just include the usual ▯ image assets as normal in the iOS 8 application. iOS will return to the previous behavior and use thos
xamarin	iCloud	users	.	-	real sentence end	xamarin/docs/ios/platform/introduction-to-ios8.md	es an intuitive workflow, and therefore a much better experience, for users. iCloud syncing takes this one step further—any changes m
xamarin	iPads	keyboards	.	-	real sentence end	xamarin/docs/ios/platform/multitasking.md	In iOS 9 running on an iPad, Apple has extended support for hardware keyboards. iPads have always included basic external keyboard supp
xamarin	iOS	restoration	.	-	real sentence end	xamarin/docs/ios/platform/document-picker.md	nts to get back to a specific Document, for example, when doing state restoration. iOS 8 provides a mechanism to create Bookmarks that d
xamarin	iOS	compatibility	.	-	real sentence end	xamarin/docs/ios/platform/binding-objective-c/walkthrough.md	instructions and other improvements while still maintaining backwards compatibility. iOS devices have armv6, armv7, armv7s, arm64 instruct
xamarin	iOS	recognition	.	-	real sentence end	xamarin/docs/ios/platform/introduction-to-ios12/index.md	er time, and provides 2D image recognition and tracking and 3D object recognition. iOS 12 also provides AR Quick Look, a way to render u
xamarin	iOS	effects	.	-	real sentence end	xamarin/docs/ios/platform/introduction-to-ios12/index.md	ackground of a portrait image and is useful in creating various image effects. iOS 12 also makes it is possible to use depth data fr
xamarin	iOS	devices	.	-	real sentence end	xamarin/docs/ios/platform/introduction-to-ios12/index.md	rmation from various healthcare institutions and view it on their iOS devices. iOS 12 adds APIs that allow third-party applications 
xamarin	iOS	belongs	.	-	real sentence end	xamarin/docs/ios/platform/introduction-to-ios12/notifications/grouped.md	e lower-left corner of a notification group to which the notification belongs. iOS aggregates summary text from notifications in the
xamarin	iOS	Markup])	.	-	real sentence end	xamarin/docs/ios/platform/search/proactive-suggestions.md	sers see in Spotlight and Safari search results (see [Search with Web Markup]). iOS 10 adds the ability to include location-based mar
xamarin	iOS	UI	.	-	real sentence end	xamarin/docs/ios/platform/search/proactive-suggestions.md	 the app can take advantage of Location Suggestions via the QuickType UI. iOS 10 expands the QuickType UI with the following fe
xamarin	iOS	conditions	.	-	real sentence end	xamarin/docs/ios/platform/introduction-to-ios10/index.md	 the color and intensity of the display to match the current lighting conditions. iOS 10 provides the new [UIWhitePointAdaptivityStyle]
xamarin	iOS	Sliders	.	-	real sentence end	xamarin/docs/ios/platform/introduction-to-ios10/index.md	lements already provide haptic feedback such as Pickers, Switches and Sliders. iOS 10 now adds the ability to programmatically trigg
xamarin	iOS	Trigger*	.	-	real sentence end	xamarin/docs/ios/platform/user-notifications/enhanced-user-notifications.md	dule when the notification will be presented to the user by setting a *Trigger*. iOS 10 provides four different Trigger types:
xamarin	iOS	themes	.	-	real sentence end	xamarin/docs/ios/platform/ios13/dark-mode.md	Dark Mode is a system-wide option for light and dark themes. iOS users may now choose the theme or allow iOS to dy
xamarin	iOS	iPhone	.	-	real sentence end	xamarin/docs/ios/platform/introduction-to-ios11/drag-and-drop.md	ior to iOS 15, drag and drop is only available within the same app on iPhone. iOS 15 introduces cross-app drag and drop.
xamarin	iOS	align	.	-	real sentence end	xamarin/docs/ios/platform/introduction-to-ios11/updating-your-app/visual-design.md	0 and before, all views had a minimum margin size to which they would align. iOS 11 introduced the option to override that using ▯
xamarin	iOS	page	.	-	real sentence end	xamarin/docs/ios/platform/introduction-to-ios11/updating-your-app/app-store-changes.md	otions include updates to in-app purchases and updates to the product page. iOS 11 also adds updates regarding how to communicate
xamarin	iOS	page	.	-	real sentence end	xamarin/docs/ios/platform/introduction-to-ios11/updating-your-app/index.md	otions include updates to in-app purchases and updates to the product page. iOS 11 also adds updates regarding how to communicate
xamarin	iOS	manner	.	-	real sentence end	xamarin/docs/ios/platform/introduction-to-ios7/index.md	 applications are woken for background processing in a non-contiguous manner. iOS 7 also adds three new APIs for updating applicati
xamarin	iPhone	app	.	-	real sentence end	xamarin/docs/ios/platform/in-app-purchasing/subscriptions-and-reporting.md	There’s also an **ITC Connect Mobile** iOS app. iPhone screenshots for some of the statistics available 
xamarin	iTunes	in	.	-	real sentence end	xamarin/docs/ios/deploy-test/app-distribution/app-store-distribution/itunesconnect.md	rough a collection of apps and find the ones that they are interested in. iTunes Connect lets you assign up to two different categ
xamarin	iOS	directories	.	-	real sentence end	xamarin/docs/ios/watchos/app-fundamentals/localization.md	ge-specific translations and other resources are stored in **.lproj** directories. iOS and Watch OS will automatically use the user's la
xamarin	watchOS	Sequence)	.	-	real sentence end	xamarin/docs/ios/watchos/platform/quick-interaction-techniques.md	n by providing a list of ▯ and a Picker Style (List, Stacked or Image Sequence). watchOS then allowed the user to use the Digital Crown to
xamarin	watchOS	Dock	.	-	real sentence end	xamarin/docs/ios/watchos/platform/background-tasks.md	he app's UI (by sending a ▯) and uses those snapshots to populate the Dock. watchOS gives the app the opportunity to update its conte
xamarin	watchOS	Docs	.	-	real sentence end	xamarin/docs/ios/watchos/platform/background-tasks.md	es snapshots of the app's UI and uses those snapshots to populate the Docs. watchOS gives the app the opportunity to update its conte
xamarin	watchOS	Docs	.	-	real sentence end	xamarin/docs/ios/watchos/platform/introduction-to-watchos3/index.md	es snapshots of the app's UI and uses those snapshots to populate the Docs. watchOS gives the app the opportunity to update its conte
xamarin	watchOS	display	.	-	real sentence end	xamarin/docs/ios/watchos/get-started/intro-to-watchos.md	nsion runs on the iPhone – the Apple Watch is effectively an external display. watchOS 2 and 3 apps run entirely on the Apple Watch. Thi
xamarin	tvOS	items	.	-	real sentence end	xamarin/docs/ios/tvos/app-fundamentals/navigation-focus.md	out the system to convey a sense of 3D depth and dynamics to in-focus items. tvOS uses a series of transparent, [Layered Images] wh
xamarin	iCloud	Storage	.	-	real sentence end	xamarin/docs/ios/tvos/app-fundamentals/resources-data-storage.md	our app might require (like user preferences), you can use iCloud KVS Storage. iCloud KVS data is automatically synced to the cloud and
xamarin	tvOS	views	.	-	real sentence end	xamarin/docs/ios/tvos/platform/introduction-to-tvos12/index.md	trols such as poster views, caption buttons, card views, and monogram views. tvOS 12 also introduces a property that allows labels 
xamarin	tvOS	window	.	-	real sentence end	xamarin/docs/ios/tvos/get-started/hello-tvos.md	The ▯ property provides access to the main window. tvOS uses what’s known as the *Model View Controller* 
xamarin	iCloud	value	.	-	real sentence end	xamarin/docs/ios/data-cloud/introduction-to-icloud.md	method does not attempt to contact iCloud servers to get the "latest" value. iCloud will update the local data store according to its
xamarin	iOS	3.5	.	-	real sentence end	xamarin/docs/ios/data-cloud/system.data.md	tead may be host to a number of *runtime* issues since ▯ binds SQLite 3.5. iOS 8, meanwhile, ships with SQLite 3.8.5. Suffice it
xamarin	iOS	access	.	-	real sentence end	xamarin/docs/ios/data-cloud/index.md	res a database and a data layer in the application to manage database access. iOS has the Sqlite database engine “built in” and acc
xamarin	iTunes	3.2	.	-	real sentence end	xamarin/docs/ios/troubleshooting/troubleshooting.md	Change the SDK version in the iPhone Build options to 3.2. iTunes connect will reject it on upload because it is se
xamarin	iOS	prompted	.	-	real sentence end	xamarin/docs/essentials/permissions.md	g system returns a different default state if the user has never been prompted. iOS returns ▯, while others return ▯. If the status i
dotnet	findValue	filter	.	-	real sentence end	dotnet/docs/framework/wcf/service-trace-viewer-tool-svctraceviewer-exe.md	1;findValue;text'. The viewer applies '1' to the {0} parameter of the filter. 'findValue' and 'text' are applied to {1} and {2} respectivel
dotnet	mexHttpBinding	mexHttpsBinding	.	-	real sentence end	dotnet/docs/framework/wcf/samples/custom-secure-metadata-endpoint.md	indings available for exposing metadata endpoints: mexHttpBinding and mexHttpsBinding. mexHttpBinding is used to expose a metadata endpoint over HTTP i
dotnet	mexHttpsBinding	manner	.	-	real sentence end	dotnet/docs/framework/wcf/samples/custom-secure-metadata-endpoint.md	nding is used to expose a metadata endpoint over HTTP in a non-secure manner. mexHttpsBinding is used to expose a metadata endpoint over HTTPS 
dotnet	deployTool	Azure	.	-	real sentence end	dotnet/docs/azure/migration/appmod/deploy.md	lan WITH TOOL #appmod-get-plan and execute it to deploy my project to Azure. deployTool: azd, IacType: Bicep, hosting service: non-aks.*
dotnet	firstCharacter	points	.	-	real sentence end	dotnet/docs/standard/base-types/character-classes-in-regular-expressions.md	ies. Two characters are contiguous if they have adjacent Unicode code points. *firstCharacter* must be the character with the lower code point, 
dotnet	firstCharacter	points	.	-	real sentence end	dotnet/docs/standard/base-types/character-classes-in-regular-expressions.md	ies. Two characters are contiguous if they have adjacent Unicode code points. *firstCharacter* must be the character with the lower code point, 
dotnet	queryB	work	.	-	real sentence end	dotnet/docs/standard/parallel-programming/understanding-speedup-in-plinq.md	didate for PLINQ, assuming that its Select function involves a lot of work. queryB is probably not a good candidate because there is
dotnet	macOS	blobs	.	-	real sentence end	dotnet/docs/standard/security/cross-platform-cryptography.md	Windows and Linux both emit DER-encoded PKCS7 blobs. macOS emits indefinite-length-CER-encoded PKCS7 blobs.
dotnet	eShop	command	.	-	real sentence end	dotnet/docs/architecture/cloud-native/deploy-eshoponcontainers-azure.md	Each individual component is installed using a ▯ command. eShop includes a "deploy all" script that loops through
dotnet	eShopOnContainers	2-1**	.	-	real sentence end	dotnet/docs/architecture/cloud-native/introduce-eshoponcontainers-reference-app.md	**Figure 2-1**. eShopOnContainers Sample App Screenshot.
dotnet	eShopOnContainers	2-2**	.	-	real sentence end	dotnet/docs/architecture/cloud-native/introduce-eshoponcontainers-reference-app.md	**Figure 2-2**. eShopOnContainers reference application development architecture.
dotnet	gRPC	communication	.	-	real sentence end	dotnet/docs/architecture/cloud-native/grpc.md	icates message contracts and the plumbing required for cross-platform communication.  gRPC provides a "uniform horizontal layer" that abstra
dotnet	gRPC	4-20**	.	-	real sentence end	dotnet/docs/architecture/cloud-native/grpc.md	**Figure 4-20**. gRPC support in Visual Studio 2022
dotnet	gRPC	4-21**	.	-	real sentence end	dotnet/docs/architecture/cloud-native/grpc.md	**Figure 4-21**. gRPC project in Visual Studio 2022
dotnet	gRPC	technologies	.	-	real sentence end	dotnet/docs/architecture/cloud-native/grpc.md	n from browser-based apps built with JavaScript or Blazor WebAssembly technologies. [gRPC-Web] enables an ASP.NET Core gRPC app to support gRPC 
dotnet	gRPC	4-23**	.	-	real sentence end	dotnet/docs/architecture/cloud-native/grpc.md	**Figure 4-23**. gRPC in eShop on Containers
dotnet	gRPC	calls	.	-	real sentence end	dotnet/docs/architecture/cloud-native/grpc.md	h asynchronous communication patterns, some operations require direct calls. gRPC should be the primary choice for direct synchrono
dotnet	gRPC	services	.	-	real sentence end	dotnet/docs/architecture/cloud-native/summary.md	lications often embrace gRPC to streamline messaging between back-end services. gRPC uses HTTP/2 for its transport protocol. It can be
dotnet	gRPC	smaller	.	-	real sentence end	dotnet/docs/architecture/cloud-native/summary.md	 be up to 8x faster than JSON serialization with message sizes 60-80% smaller. gRPC is open source and managed by the Cloud Native Co
dotnet	eShopOnContainers	6-28**	.	-	real sentence end	dotnet/docs/architecture/microservices/multi-container-microservice-net-applications/implement-api-gateways-with-ocelot.md	**Figure 6-28**. eShopOnContainers architecture with API Gateways
dotnet	eShopOnContainers	6-37**	.	-	real sentence end	dotnet/docs/architecture/microservices/multi-container-microservice-net-applications/implement-api-gateways-with-ocelot.md	**Figure 6-37**. eShopOnContainers architecture with aggregator services
dotnet	eShopOnContainers	project	.	-	real sentence end	dotnet/docs/architecture/microservices/implement-resilient-applications/monitor-app-health.md	ilable as an individual NuGet package that can be easily added to the project. eShopOnContainers uses them extensively in all its microservices.
dotnet	eShopOnContainers	7-21**	.	-	real sentence end	dotnet/docs/architecture/microservices/microservice-ddd-cqrs-patterns/nosql-database-persistence-infrastructure.md	**Figure 7-21**. eShopOnContainers using MongoDB containers for dev-env or Azure Cos
dotnet	eShopOnContainers	DB	.	-	real sentence end	dotnet/docs/architecture/microservices/microservice-ddd-cqrs-patterns/nosql-database-persistence-infrastructure.md	to say that you shouldn't always use MongoDB API against Azure Cosmos DB. eShopOnContainers uses it because it was a convenient choice for Li
dotnet	eShop	used	.	-	real sentence end	dotnet/docs/architecture/blazor-for-web-forms-developers/migration.md	For this example, the eShop app available on [GitHub] is used. eShop is a catalog service that provides CRUD capabilit
dotnet	eShopOnWeb	8-3	.	-	real sentence end	dotnet/docs/architecture/modern-web-apps-azure/work-with-data-in-asp-net-core-apps.md	**Figure 8-3.** eShopOnWeb Catalog Admin Screenshot.
dotnet	eShopOnWeb	2-1	.	-	real sentence end	dotnet/docs/architecture/modern-web-apps-azure/modern-web-applications-characteristics.md	**Figure 2-1.** eShopOnWeb
dotnet	macOS	architecture	.	-	real sentence end	dotnet/docs/core/deploying/macos.md	a single Mach-O file that contains machine code for more than one CPU architecture. macOS selects the slice that matches the current proces
dotnet	xUnit	xUnit.net	.	dotted	real sentence end	dotnet/docs/core/testing/index.md	d unit testing tool for .NET. The original inventor of NUnit v2 wrote xUnit.net. xUnit.net is the latest technology for unit testing .NET ap
dotnet	xUnit	TestDriven.NET	.	dotted	real sentence end	dotnet/docs/core/testing/index.md	r unit testing .NET apps. It also works with ReSharper, CodeRush, and TestDriven.NET. xUnit.net is a project of the [.NET Foundation] and operate
